<?xml version="1.0" encoding="UTF-8"?>
<hibernate-configuration>
   	<session-factory>
   		<property name="connection.url">
   			jdbc:db2://localhost:50000/STUD2020
   		</property>
    	<property name="connection.driver_class">
    		com.ibm.db2.jcc.DB2Driver
    	</property>
   		<property name="hibernate.connection.username">
   			student
   		</property>
   		<property name="hibernate.connection.password">
   			abcdef
   		</property>
   		<property name="hibernate.dialect">
   			org.hibernate.dialect.DB2Dialect
   		</property>
	</session-factory>
</hibernate-configuration>

